p1,p2,p3,p4
0.0069507,0.0030941,0.83904,0.35282
0.011477,0.0033532,0.42895,5.9979
0.0016389,3.80E-06,1.6018,0.00471
0.017387,0.0064374,0.24538,0.36503
0.015152,0.0045939,0.3642,1.8875
0.023268,0.0024489,0.97574,3.8959
0.012433,0.0031252,1.2204,1.8234
0.0082895,0.00073787,0.94287,0.00471
0.019157,0.0015082,1.0098,8.7392
0.0086975,0.0022136,0.46546,1.9976
0.0086801,0.0030976,1.6407,13.099
0.005528,0.0018638,0.14966,2.1684
0.0037327,3.80E-06,0.72248,4.6846
0.015466,0.0035922,0.6494,2.9552
0.0073831,0.0038006,0.37522,0.69085
0.013448,0.0025662,0.40347,0.49224
0.0083276,0.0018432,0.611,1.3366
0.0091696,0.0011122,0.18911,3.212
0.011318,0.001604,0.19689,4.1062
0.013463,0.0018859,0.66139,3.3204
0.016792,0.0012101,0.58792,0.00471
0.010918,0.0001513,1.05,5.701
0.01226,0.0013656,0.58415,4.8736
0.018979,0.003936,1.3343,4.2173
0.012412,0.0067557,0.23876,0.1012
0.011343,0.00072168,1.1895,0.0047102
0.011576,0.001673,1.4865,0.00471
0.0092244,0.00079855,1.1877,3.3895
0.0094454,0.0041789,0.19242,4.3287
0.0042311,3.80E-06,0.68682,7.9986
0.013198,0.00087033,2.8511,4.0411
0.0081715,0.0045104,0.39359,0.55401
0.033912,0.0038434,0.67306,17.61
0.0071708,0.0011671,0.67415,2.8353
0.0080466,6.98E-05,0.92395,5.9703
0.011854,0.0011747,0.51068,2.4932
3.12E-05,0.00013876,5.6952,0.0098303
0.0063466,0.00062763,0.95341,2.508
0.0099142,0.00021157,0.62168,21.013
0.015155,3.80E-06,1.1893,7.4229
0.0044035,0.00028742,0.60865,7.503
0.014445,0.0047475,0.38127,7.9283
0.0055688,0.00031656,0.75345,9.7014
0.016914,0.0016225,0.43226,1.9885
0.0086657,0.0022171,0.24537,4.0961
0.012057,9.19E-05,1.042,46.89
0.016365,0.0056938,0.43411,2.6053
0.013145,0.0048188,0.36658,3.3703
0.012843,0.0054352,0.41936,3.3902
0.019776,0.0013886,0.31178,3.8159
0.0097345,0.0013562,1.8554,4.8113
0.0089872,0.0017621,6.9221,0.00471
0.007816,0.00078553,1.073,8.7878
0.01287,0.00025785,0.76021,1.8674
0.0076781,0.001356,0.36428,0.90808
0.018042,0.002708,0.7519,6.485
0.011033,0.0014775,0.34047,2.9542
0.011023,0.0020569,0.3867,3.5684
0.012715,0.0028675,0.17715,0.94113
0.010262,0.0017579,0.58471,1.8406
0.0079932,0.0018752,0.59024,3.2576
0.0095282,0.0026377,0.65765,2.6128
0.0045584,0.00051445,0.42266,6.8197
0.013948,0.0031597,0.51909,1.7074
0.0067442,0.00020395,0.96692,3.9736
0.0087844,0.0022087,0.71411,2.8769
0.011529,0.0026742,0.36116,4.0557
0.016052,0.0019174,1.18,13.34
0.0076748,0.0010734,0.36275,0.9485
0.010602,0.0047337,0.34901,2.0705
0.007948,0.00095789,2.1864,0.00471
0.00062741,0.00057061,4.6698,0.40999
0.0095931,0.00045663,1.0884,8.4323
0.004676,0.0025588,0.22844,5.7771
0.0081674,0.0017508,0.34779,0.60227
0.0083218,3.80E-06,1.1172,7.4318
0.010679,0.0033632,0.3313,3.2361
0.0087401,2.28E-05,1.4212,2.0131
0.022013,0.0021575,3.5823,4.6566
0.013211,1.53E-05,0.53651,4.5912
0.0082138,0.0015296,0.68327,4.7542
0.0073472,0.0016136,0.43334,3.3142
0.023466,0.0029267,0.4085,3.1736
0.014467,0.0014219,0.47877,0.56642
0.016429,0.0051439,0.73295,3.5895
0.013207,0.0016067,0.67633,3.5084
0.013265,0.0013599,0.3578,0.0047101
0.018977,0.0012583,0.6398,7.3483
0.01316,0.0029327,1.0033,1.7783
0.0085786,0.00072682,0.69833,11.175
0.015864,0.00088746,0.22925,2.2431
0.0073709,0.0022485,0.51333,3.3541
0.0092358,0.0030318,0.72648,12.74
0.0085636,0.0013489,0.521,5.3326
0.0066561,0.0011556,2.5523,1.7812
0.011965,0.0022948,0.48459,5.2616
0.012254,0.0012034,0.59135,7.8615
0.0071018,0.0024562,0.36742,1.1011
0.0099826,0.0014349,0.2512,3.2289
0.0053656,0.0012509,1.1026,1.2976
0.0055333,0.00029771,0.89797,2.8935
0.015296,0.0013134,0.66929,12.422
0.010838,0.0012944,0.29943,1.8219
0.01228,0.0038973,0.34227,3.5701
0.0079485,3.80E-06,0.74533,2.5726
0.011339,0.00092418,0.6149,4.5019
0.0086227,0.00077713,0.38204,6.6642
0.0056294,0.00089766,0.59634,2.7241
0.0044094,0.0037977,0.3915,0.0047101
0.012714,0.005437,0.39763,0.036142
0.0047462,0.0014608,2.7529,1.1352
0.0068539,0.0018437,0.48499,3.0245
0.010577,0.0016027,0.36158,9.1209
0.012048,0.00057143,0.4633,6.4088
0.0052537,0.0018451,1.1621,9.1211
0.014632,0.0033948,0.089545,1.1888
0.011923,0.0010148,0.3818,0.72486
0.012123,0.0038353,0.76171,0.0097249
0.0089673,0.0020956,0.77256,4.0288
0.016148,0.0041231,0.20365,2.8427
0.0058285,7.10E-05,0.33346,8.3468
0.0075884,0.0014813,1.3554,0.00471
0.006585,0.00066136,0.50505,1.6637
0.011189,0.0012573,0.28418,3.0636
0.0079062,5.73E-05,1.1465,0.0047118
0.0065557,0.00052802,0.54839,3.0791
0.0079049,0.0014038,0.33138,0.7565
0.010179,0.0045757,0.19358,0.060708
0.010482,0.0021541,0.44604,2.704
0.017744,0.0033238,4.3091,0.050126
0.011577,0.0027599,0.26325,1.2774
0.0093059,0.0039756,0.37859,0.51659
0.015973,0.0024004,3.5437,4.6012
0.011313,0.0033786,0.41792,6.3671
0.013541,0.00071395,1.0626,4.6289
0.0022137,0.00056277,0.64655,2.698
0.0094006,0.0036133,0.19619,0.35374
0.0097025,0.0038055,0.56109,12.355
0.014581,0.0033472,0.77859,1.23
0.0045961,0.00087356,0.30063,0.00471
0.01718,0.0029414,0.74036,2.6987
0.019815,0.0066991,0.48717,2.1949
0.0088746,0.0035272,0.32454,3.0566
0.0081033,0.0012686,1.2405,0.76465
0.010726,0.0018313,0.69977,1.4384
0.006364,0.0019752,0.70308,0.9848
0.0086916,0.00010197,0.91699,8.7261
0.012896,3.80E-06,1.175,3.6364
0.013767,0.0038381,2.2879,2.9589
0.0021123,3.80E-06,1.6661,0.0047104
0.01596,0.0052903,3.2058,0.84821
0.011574,0.001918,0.17624,4.6917
0.011991,0.0049597,0.00058203,15.274
0.0074597,0.0011594,1.7767,0.0047327
0.011572,0.0039731,0.46919,1.3432
0.017215,0.0026236,0.81044,15.044
0.0097376,0.0018974,0.4126,23.093
0.01458,0.0044142,0.26892,0.12342
0.0075905,0.0055368,0.90366,0.005103
0.004479,0.0014801,0.59348,9.8046
0.0060337,0.0010943,0.69271,4.8278
0.0095423,0.0025163,0.72408,2.0301
0.0066058,0.00098205,0.79946,4.4737
0.009557,0.00090737,2.6199,1.3991
0.0087613,0.0022639,2.7913,0.0047102
0.010325,0.0040465,1.2319,2.6901
0.0088324,0.002,0.65287,1.022
0.011505,0.0012432,0.91703,6.9498
0.011263,0.0074407,0.84249,0.70561
0.013966,0.0041042,1.0112,1.2592
0.00078199,3.88E-06,1.9604,1.0082
0.008874,0.0010467,1.123,11.153
0.0080975,0.0014672,0.32978,1.3959
0.020215,0.0024661,0.68302,8.5941
0.00047152,4.37E-06,0.29181,4.9249
0.020051,0.00089543,3.0978,5.2502
0.0071369,0.00090683,0.46341,5.3063
0.013498,0.0021602,1.4113,7.728
0.014473,0.0021062,0.72372,4.912
0.014491,0.0054041,0.28037,1.7822
0.0075062,0.00060937,0.78955,2.9917
0.0083212,0.0044744,0.32935,1.7393
0.0074233,0.0015837,2.4222,0.17073
0.0036135,0.00066037,0.68611,16.461
0.0024185,3.80E-06,0.41324,0.0047102
0.0098917,0.0029619,0.38582,3.8899
0.011385,0.0036709,1.0793,0.93625
0.0087015,0.0018685,0.94722,5.8529
0.0087032,0.0018534,0.56379,6.3884
0.017052,0.0075822,0.25438,5.4646
0.0089318,0.00078694,0.99594,0.49771
0.0142,0.0021135,1.7218,5.0457
0.0089282,0.0031129,0.19659,0.48017
0.0044211,0.0011502,1.1093,0.0047595
0.012894,0.00074783,1.0594,3.5149
0.013474,0.0048661,0.3696,2.6952
0.0107,0.0045586,0.31251,1.4572
0.011963,0.0022939,0.66634,2.9682
0.0099922,0.0014934,1.1252,7.152
0.011973,0.005053,0.23478,1.8415
0.0098528,0.0024849,0.47587,1.199
0.0030864,3.93E-06,0.26326,0.68955
0.0052498,0.0008163,0.72306,8.1208
0.0069719,0.0028427,0.27728,0.76553
0.011015,0.0044192,0.46135,1.4576
0.0017136,0.0004552,2.8919,0.00471
0.0098978,0.0044781,0.86294,3.5011
0.00703,0.0017061,0.28359,0.1607
0.011468,0.0049127,1.4634,6.6711
0.0083713,0.0047981,0.34134,4.9772
0.0094453,0.00084361,0.44979,8.253
0.017532,0.0034259,0.40518,12.192
0.0099718,0.0020526,0.47359,2.2455
0.0086649,0.0007762,0.38655,1.5264
0.011868,0.0040239,0.21639,1.4028
0.0071763,0.0016943,0.36308,2.7349
0.010175,0.0039195,0.45135,0.0047104
0.0097764,0.0051241,0.28943,2.0696
0.0056365,0.0037725,0.36204,0.25307
0.0090496,0.0030819,1.4244,1.13
0.010103,0.0021994,1.0296,0.0047101
0.009298,0.0027085,0.35319,3.664
0.010341,0.0031834,0.40697,2.1383
0.0095347,0.0029296,0.91184,13.635
0.0086559,0.0036764,0.2113,2.0986
0.0049754,3.80E-06,0.59751,3.646
0.0030452,0.00034435,2.152,3.0985
0.0022219,3.80E-06,0.55016,20.866
0.0080712,0.0025171,0.63282,0.56765
0.009582,0.0023709,0.52714,5.9816
0.0070816,0.0051625,1.7572,1.0387
0.010385,0.001538,0.45512,1.4489
0.0077972,0.0011906,0.44913,2.3316
0.010736,0.0012242,0.27186,2.743
0.0030528,0.00182,0.32953,8.0097
0.0074813,0.0028122,0.77947,0.00471
0.015852,0.0012889,0.55252,11.557
0.0019265,0.00013868,0.000582,13.611
0.0025079,0.00056896,0.60393,7.7571
0.011835,0.0044891,1.8263,0.00471
0.011154,0.012557,0.26703,0.0047125
0.0050937,0.001038,0.71469,2.065
0.0068485,0.0029244,0.56438,0.0047917
0.0062413,0.0013577,0.37996,1.8862
0.012012,0.0027728,1.8302,1.2878
0.0074109,0.0012443,4.7309,2.5447
0.015994,0.002006,0.54057,6.1727
0.0080129,0.0042847,0.60521,1.8692
0.0085728,0.0015915,1.6094,0.0047101
0.008107,0.0014619,0.76569,0.4351
0.0086742,0.0017339,0.57347,8.0474
0.014633,0.0034768,1.0353,3.0291
0.011539,0.0027948,0.57305,7.4051
0.014088,0.0046983,0.44139,6.1166
0.009042,0.0021021,0.53239,4.8986
0.0078835,0.00057819,0.23827,3.2599
0.010904,0.0063975,0.44727,2.5446
0.0088614,0.00045792,0.98313,4.0253
0.0086083,0.0012795,0.44657,9.1254
0.014784,0.0040069,0.45,2.6207
0.0061071,0.0010749,0.55103,5.6877
0.018424,0.00341,2.2236,5.8839
0.0077447,0.002329,1.5332,0.0047124
0.01078,0.003052,0.25006,2.1428
0.0025348,3.80E-06,0.56191,6.4976
0.0039205,0.00079179,0.081196,13.178
0.0094518,0.0063022,0.48221,1.0283
0.0073289,0.0005688,0.39809,5.8992
0.0079705,1.17E-05,0.79558,2.7222
0.0066695,0.0022092,1.3211,0.0047101
0.0046771,0.0001214,0.39409,3.2726
0.0092952,0.00092463,0.34467,3.2457
0.015233,0.00015522,0.46268,6.6183
0.0077859,0.00087898,1.4485,3.1037
0.0055347,0.0026539,0.68184,3.8008
0.012482,0.0011071,0.55105,0.3963
0.0037203,0.00018172,0.79229,0.068189
0.0066705,0.00065455,0.55977,5.4835
0.0059207,0.002265,0.59902,3.8708
0.0087071,0.0027145,0.21792,1.997
0.0087527,0.0020159,1.0281,0.00471
0.013251,0.0039804,1.0359,0.00471
0.0098671,0.0028825,1.5855,1.4324
0.015272,0.0018059,0.77029,3.2889
0.0077593,0.0010476,0.60185,0.05061
0.0085213,0.001574,0.52393,0.0047719
0.016905,0.0002398,1.1601,16.279
0.01412,0.0038413,0.38573,0.61589
0.0058645,0.00016034,0.70095,3.5546
0.012068,0.0011499,0.27062,13.176
0.0097053,0.0036934,1.1799,0.26859
0.011293,0.0035719,0.22697,0.0047104
0.008387,0.0020026,0.43195,2.1253
0.015411,0.0010174,1.3087,19.585
0.0060676,3.83E-06,0.65007,35.112
0.009845,0.0031653,0.9302,2.6298
0.013426,0.0027896,0.07529,24.574
0.010814,0.0036487,0.41331,2.3541
0.013558,0.0028693,0.49084,5.3871
0.005368,0.00043644,0.397,0.0047101
0.013535,0.0017745,0.86819,4.2006
0.010701,0.0029271,0.84951,3.3454
0.0086213,0.00090746,4.3457,0.0050828
0.0084505,0.0020053,0.71689,1.6615
0.0081993,0.00059802,0.61966,8.0527
0.0075499,0.001107,0.59242,1.694
0.011589,0.002344,0.55491,9.251
0.0058154,0.0017566,0.66282,3.1286
0.0064609,0.0015043,0.61367,4.1202
0.0083374,0.0040043,0.63025,5.2026
0.012684,0.0010949,1.4885,9.1009
0.017969,0.0017573,0.83032,3.3867
0.0023475,3.80E-06,0.92122,4.6758
0.0134,0.0045932,3.3688,0.00471
0.010696,0.0035165,0.60468,0.49454
0.0079315,0.0017787,0.42624,0.004715
0.0054758,0.00058163,0.53677,5.1082
0.0078188,0.0026411,0.62221,0.14672
0.0098515,0.005892,0.28701,1.4451
0.0085772,3.80E-06,0.86239,11.117
0.011851,0.0026081,0.90453,1.8386
0.0060847,0.00053826,1.2659,14.197
0.013747,0.0051108,0.75425,1.9235
0.0077605,0.0036456,0.65777,0.00471
0.0071895,0.00014069,0.47408,2.0062
0.01302,0.0013092,0.58861,0.2902
0.0097557,0.0020872,0.94629,9.1701
0.0092697,0.002808,0.6923,0.85099
0.003886,0.00042438,3.1593,0.00471
0.013609,0.0018676,0.46702,6.4505
0.014455,0.0017583,2.1403,0.57729
0.011874,0.0026076,0.73937,0.0047101
0.01123,0.00099436,0.62931,0.0047104
0.0068509,0.0010671,0.39141,4.1622
0.0083899,0.00083591,0.16655,5.03
0.0060706,0.00082254,0.97172,8.177
0.018159,0.00041063,1.1326,17.795
0.015921,0.0011687,0.58097,3.5624
0.012832,0.0021853,0.86486,3.8385
0.0091255,0.0054045,1.2654,0.0047101
0.011583,0.0022549,0.58799,0.58327
0.016236,0.0023527,0.27419,0.96479
0.0085374,0.00060379,0.28562,11.563
0.014129,0.00089195,0.42248,3.1431
0.0093236,0.0014386,0.1823,2.78
0.0086913,0.0014529,0.58403,4.0098
0.019413,0.0024379,0.66531,3.549
0.0083709,0.0062063,0.092351,0.00471
0.0089038,0.0012227,2.0574,0.0047137
0.010599,0.0017985,0.8239,6.1941
0.0078935,0.00185,4.2266,7.6521
0.017175,0.00059456,1.3012,1.7176
0.0069047,0.00023058,0.94598,8.4144
0.008689,0.0018212,1.266,0.18001
0.0097864,0.0016614,2.7825,1.7335
0.0094757,0.00027622,1.4288,0.69471
0.011571,3.80E-06,1.1581,7.7872
0.0093295,0.001399,0.29525,2.7548
0.0028222,3.81E-06,1.5539,44.816
0.0083842,0.0021603,0.34167,0.42655
0.011409,0.0013425,0.867,2.3531
0.006719,0.0010165,0.80148,8.5114
0.0076305,0.0034178,0.75377,0.80413
0.014044,0.0047462,0.76492,2.7833
0.0098903,0.0020619,1.2813,1.2628
0.015121,0.002991,0.34939,2.1211
0.00078002,8.10E-05,58.403,0.044694
0.012179,0.0086784,1.1169,0.00471
0.0092788,0.00074704,2.2943,34.546
0.013374,0.003305,0.23263,1.5631
0.012167,0.0040728,0.80397,7.966
0.02261,0.0058593,0.39374,2.8723
0.0021273,0.0013867,0.35696,16.536
0.02113,0.0033974,0.51422,1.7726
0.0095259,0.0012346,0.45934,1.3598
0.008215,0.00036637,3.2939,0.0047197
0.012636,0.0021801,1.5261,10.595
0.015556,0.0087195,0.34378,0.58353
0.018282,0.0051376,1.8671,2.388
0.011521,0.0037046,0.075742,0.58042
0.016532,0.00052856,0.66339,8.4028
0.014248,0.0052498,0.19938,0.51468
0.018917,0.0022332,1.0208,16.88
0.0096239,0.0033624,0.1622,0.964
0.029324,0.0031862,1.5871,12.744
0.0053785,0.0040386,0.91932,4.1292
0.0099461,0.0016183,1.197,0.0047103
0.0073003,0.0026342,1.8577,0.00471
0.020451,0.0013604,1.0419,14.462
0.0074069,0.002069,0.73913,6.2749
0.0088588,0.001791,0.32676,1.5741
0.013099,0.0017677,0.40392,3.0691
0.013008,0.002415,1.5289,6.5112
0.01442,0.012055,1.0034,0.00471
0.011004,0.00258,0.57673,4.5673
0.014946,0.00070752,0.98896,3.6665
0.011811,0.003824,3.5846,10.422
0.010447,0.0033676,0.51163,0.20629
0.0028267,0.0016607,4.4817,6.3557
0.011347,0.0057533,0.25753,6.3235
0.016378,0.0053853,0.46037,2.5292
0.0059544,0.00020598,2.8637,1.7543
0.010295,0.003636,0.38675,4.6454
0.011652,0.0049269,0.019423,6.0657
0.010347,0.0049752,0.44487,0.004758
0.0072547,0.0020898,0.3687,1.3729
0.012385,0.001663,0.97488,0.00471
0.011493,0.003504,0.45608,2.5961
0.0079298,0.00049072,0.43473,16.055
0.012124,0.0062355,0.54026,0.40978
0.016122,0.0016484,1.2754,5.3042
0.0051357,3.80E-06,0.77101,0.00471
0.011473,0.0018538,0.72412,10.201
0.0042104,3.80E-06,0.76979,0.18856
0.014633,0.0020985,0.76576,5.9727
0.011224,0.00047466,0.5211,4.2022
0.020448,0.0011747,0.71271,3.228
0.0073485,0.000495,1.1653,0.0048014
0.014556,0.00015414,0.60664,2.3338
0.0089387,0.002355,0.39233,0.0047115
0.012188,0.0008816,1.7986,4.0078
0.010496,0.0035309,0.50354,0.13486
0.0086639,0.0035254,0.3882,1.5805
0.0091508,0.0025068,0.2207,0.00471
0.012651,0.0023793,0.78956,0.00471
0.013139,0.0025069,0.46789,6.1503
0.01013,0.0029347,0.99541,2.7489
0.010517,0.0018324,0.51546,0.8906
0.010436,0.0020652,0.18232,6.7502
0.014558,0.0031378,0.28594,2.0857
0.0095764,0.0026191,1.999,0.00471
0.0087602,0.00099165,0.71416,3.0072
0.010461,0.00037617,1.5396,0.0047113
0.012761,0.0001122,0.54757,12.288
0.0094596,0.00047278,0.48218,1.3382
0.0067502,0.00022183,0.29663,3.4609
0.0044849,0.0013547,0.46221,2.5602
0.0082536,0.00064899,0.2037,18.407
0.010362,0.0013213,0.3966,0.2505
0.011528,0.0025719,0.32934,6.0932
0.0057918,1.95E-05,0.93433,15.111
0.013938,0.0014676,0.51062,2.6767
0.0088816,0.0013689,0.81747,6.3058
0.0056621,0.0013453,0.67527,0.69895
0.011316,0.00090551,0.74414,2.7924
0.0073204,0.00015342,1.5664,0.00471
0.0039613,0.00035221,0.27486,4.0589
0.0086804,0.0020726,0.80113,0.87033
0.0057609,3.80E-06,0.51873,5.9382
0.0077529,0.00036687,0.62671,2.3145
0.0041547,3.86E-06,0.57178,1.8578
0.008736,0.0024012,0.55835,1.0512
0.0091791,3.80E-06,0.76735,0.00471
0.0099306,0.00096475,0.34215,2.8762
0.011205,0.0018087,0.39104,2.2247
0.016431,0.0031506,0.40513,4.5678
0.011273,0.0019433,0.25204,1.5102
0.0016896,3.80E-06,0.84762,37.775
0.0086935,0.00097887,0.49742,5.1499
0.012449,0.00046137,0.81526,4.7744
0.014347,0.00030011,2.1598,0.0047138
0.010334,0.0011439,0.94581,1.0222
0.0094862,0.0020477,1.5525,1.5011
0.006858,0.0025093,0.10203,7.6932
0.0093307,0.001484,0.21809,3.366
0.014521,0.00083332,0.72045,0.87357
0.0079101,0.0020434,0.64476,0.68222
0.015581,0.00069398,0.29653,0.20069
0.012315,0.0023416,0.69833,1.2895
0.0034036,3.80E-06,0.70829,0.00471
0.0093121,0.0011875,0.25343,1.4304
0.013326,0.0015016,0.44553,6.1699
0.012968,0.0052478,0.56455,10.284
0.011027,0.0019643,0.80207,0.0048372
0.013394,0.0010939,0.79766,0.70144
0.012972,0.0033009,0.19725,1.3677
0.0055331,0.00028136,0.79499,2.4387
0.015858,0.0046733,0.58805,1.4898
0.0075697,0.00039686,0.74666,2.4321
0.0073902,0.0015166,0.28808,1.4707
0.013821,0.0017738,1.0932,5.4106
0.018899,0.00034176,0.56987,3.0742
0.0094511,0.00082297,1.0717,0.0047107
0.014742,0.0018104,0.32654,2.5763
0.012983,0.0036837,0.067739,18.604
0.0082716,0.0014405,0.53035,8.3725
0.0077687,0.0032959,0.54147,3.4302
0.015438,0.0051051,0.37233,0.97934
0.0061472,0.00072997,0.42758,6.1117
0.0020421,8.85E-05,2.6645,6.1864
0.024629,0.00068565,1.1556,14.055
0.016892,0.0034499,1.2819,3.6305
0.011058,0.0016876,1.3302,1.8481
0.012688,0.00066556,0.12425,2.1796
0.011868,0.0011125,0.96921,5.1408
0.013597,0.0038387,0.26468,3.4421
0.0063295,0.00089789,0.49355,3.8831
0.0084944,0.001266,0.47382,1.003
0.0042056,0.00012609,0.50197,5.9417
0.0078982,0.00047516,0.28294,3.1758
0.012043,0.0040943,0.6008,2.4666
0.0093123,0.0041307,0.44843,0.30381
0.0094364,0.0010629,0.82401,4.1531
0.0034385,3.83E-06,0.59702,2.8718
0.0016139,3.80E-06,0.48871,0.00471
0.013979,0.00093647,0.53223,3.5373
0.014734,3.80E-06,0.63588,0.00471
0.012,0.0016103,0.10836,0.62679
0.0091669,0.00052587,0.58484,1.2919
0.012372,3.80E-06,0.66499,0.0049006
0.0090982,0.00031378,0.52067,0.0047423
0.0081627,0.0019889,0.22206,2.673
0.0052903,3.80E-06,0.85071,5.032
0.0072051,0.0026396,2.4016,0.0047101
0.0086703,0.0025798,0.83687,1.4107
0.0083229,0.00085277,0.55901,0.12062
0.011827,0.0026787,0.24586,0.20307
0.0085026,0.0015855,0.42445,1.436
0.0089752,0.0014651,0.28805,4.7577
0.030665,0.0011042,1.4831,11.337
0.0068681,0.0006089,0.4971,5.4306
0.012574,0.00032365,0.85143,1.2603
0.0087484,4.18E-06,0.70411,13.378
0.0082539,0.0023744,0.99822,0.00471
0.0054117,3.80E-06,0.68318,9.1466
0.0042191,0.00082329,0.20273,7.8516
0.018194,0.0014272,0.33057,6.8722
0.0081463,0.00024641,2.7602,0.00471
0.0050418,3.80E-06,0.94815,13.87
0.007646,5.17E-06,0.41067,1.3414
0.013005,0.0019469,1.1517,0.80105
0.0055345,3.80E-06,1.2457,0.00471
0.003543,3.80E-06,0.60629,30.686
0.0097086,3.80E-06,0.94284,32.005
0.011788,0.0025652,0.74168,0.3212
0.0083502,0.0021869,0.32001,3.254
0.007265,0.00020275,1.219,0.0047103
0.004579,0.00098679,0.54783,1.0762
0.0035825,0.00035045,2.0377,5.329
0.020802,0.00054985,1.4927,10.514
0.011539,0.002167,1.5897,11.609
0.0087436,0.0025233,0.21496,1.2378
0.0074182,0.0017614,0.24572,0.88286
0.0035792,0.0017865,0.48388,2.7229
0.011017,0.0012708,0.69894,4.931
0.013887,0.0010882,0.27488,3.8356
0.010604,0.0037628,0.27607,1.5567
0.016208,0.0012654,0.60637,2.9742
0.0062318,0.00057318,0.16942,5.5232
0.013399,0.0016686,0.53325,7.1301
0.011017,0.00076978,1.5143,2.7602
0.01056,0.0030894,0.77452,0.00471
0.0083409,3.80E-06,0.88833,7.7266
0.0051643,0.00080119,2.9421,0.00471
0.0079903,0.0023466,0.52514,0.90398
0.0067003,0.0019519,0.27852,4.0803
0.0083151,0.00040762,0.6059,0.0047122
0.013563,3.80E-06,0.8078,0.00471
0.024348,0.0035362,0.37694,1.3942
0.011763,0.0076631,0.030816,0.00471
0.0099599,0.0026351,0.26911,1.8525
0.014791,0.0066148,0.15303,0.24747
0.0059321,0.0047592,0.59105,0.0047102
0.012931,0.00093339,5.0292,2.1434
0.010108,0.0041036,0.19689,2.3192
0.017539,0.0037842,0.37654,6.3874
0.0095447,0.002608,0.81368,0.62023
0.0082887,0.0057778,0.92823,0.068044
0.010967,0.0030777,0.69143,3.0852
0.016883,0.0045836,1.0876,5.0789
0.011375,0.0042674,0.22574,0.22479
0.0092039,0.0058415,0.723,9.2489
0.017151,0.00084269,1.028,8.2746
0.015284,0.0062816,0.11818,1.7793
0.012524,0.0017318,0.39146,1.2601
0.012235,0.0047597,0.54779,4.0105
0.010618,0.0048994,0.40082,2.0171
0.00089603,0.001029,582,4710
0.014497,0.0027869,0.32272,3.9573
0.02347,0.001184,1.6404,4.0366
0.022742,0.0029532,0.13251,2.2184
0.012855,0.0025263,0.61295,0.86461
0.017893,0.0069075,0.081087,0.91513
0.01197,0.0014555,0.30904,2.1428
0.010448,0.0045325,0.52746,0.0047234
0.020427,0.0004758,1.3378,7.1408
0.016939,0.0025418,2.1639,10.127
0.016796,0.0034757,0.91422,1.3253
0.014401,0.0022449,0.466,1.8324
0.013086,0.0035154,0.32413,9.7252
0.0071349,0.00099148,0.70499,5.6915
0.03207,0.0028692,0.33037,7.0687
0.011717,0.0017374,0.52297,3.458
0.0085013,0.00024095,0.541,24.888
0.0083373,0.0044619,0.13345,0.74487
0.013148,0.0012349,1.0152,0.58392
0.0031262,3.80E-06,0.60824,0.0047151
0.013782,0.0020161,0.81831,2.333
0.013543,0.0063032,0.50408,6.2398
0.021424,0.0052519,0.27795,2.6712
0.0084723,0.00058356,0.32655,0.23351
0.0078875,0.0019649,0.31459,1.0668
0.023342,0.0045965,0.14246,1.0835
0.019216,0.0076229,0.33414,1.0936
0.016805,0.011104,0.20551,0.39838
0.017284,0.0045626,0.20172,0.80762
0.015659,0.0014073,0.30802,2.6965
0.0099978,0.0015717,0.38889,0.12126
0.024223,0.0039637,0.43028,3.8961
0.012117,0.0014731,0.7619,1.8903
0.019561,0.004097,0.57724,14.887
0.020871,0.0079325,1.223,2.1077
0.015305,0.0039903,0.7368,9.6281
0.015173,0.0055057,0.44989,0.56159
0.018873,0.0029347,1.5031,2.42
0.01755,0.0050551,1.1995,3.557
0.01339,0.00095354,0.5371,0.00471
0.017113,0.010018,0.25477,1.3138
0.013134,0.0022039,1.0193,13.647
0.015648,0.0020597,0.6972,3.3997
0.013615,0.0029007,0.15125,1.3755
0.014693,0.0034531,0.29406,1.5168
0.010988,0.0013137,0.85065,10.333
0.014944,0.0010137,1.0247,4.1532
0.011989,0.00068166,0.99686,6.4779
0.0064066,0.0032951,0.43689,0.93809
0.016822,0.0025141,0.64127,2.4611
0.013201,0.0017353,0.78723,1.5099
0.014716,0.001348,0.37253,4.8096
0.015602,0.0021559,0.43079,4.644
0.016883,0.0060747,0.71437,14.227
0.010161,0.00057966,1.9085,0.00471
0.0088004,0.0010087,0.32739,2.9186
0.010356,0.003483,0.26867,3.1987
0.0092595,0.0013158,0.45556,2.1678
0.014557,0.0024805,0.45125,2.5223
0.0092783,0.0012774,0.35945,4.2325
0.010885,0.0033851,0.62448,3.8048
0.007341,0.0045127,0.3702,2.7013
0.0141,0.0068037,0.20717,3.5464
0.011372,0.00033842,1.2099,4.2761
0.0087093,0.0014419,0.93908,0.0047158
0.020262,0.0019971,1.366,15.678
0.0065017,0.00094558,0.40236,3.3934
0.012016,0.0078617,0.20073,0.0047561
0.023462,0.0029377,0.56107,4.8228
0.010764,0.0035873,0.36704,2.0063
0.01151,0.0028716,0.52156,0.52682
0.016697,0.0067462,0.71714,1.167
0.011896,0.0044615,0.18008,8.9142
0.0088529,0.0027197,0.27927,1.5265
0.010202,0.0016891,0.3148,1.8942
0.014264,0.0026569,0.41579,0.47408
0.0098546,0.0090148,0.28238,0.0055613
0.01569,0.0031125,0.86742,7.9928
0.009648,0.0042665,0.96162,0.004711
0.0070741,3.80E-06,0.54104,1.2172
0.0081412,0.0055991,1.364,0.0047226
0.014976,0.0046448,0.43713,6.3485
0.01006,0.0011109,0.49688,2.2966
0.0069753,0.0027205,0.48797,1.7431
0.01671,0.0040951,0.36692,1.2026
0.0095891,0.0027737,0.37496,0.00471
0.011628,0.0052141,0.24925,1.5899
0.0080421,0.0041106,0.95622,0.81712
0.014243,0.0071594,0.65677,1.2811
0.022398,0.0041068,0.77448,7.4348
0.0086125,0.00044029,0.68801,2.7051
0.0099445,8.83E-05,0.99432,14.286
0.014298,0.0030556,0.72603,1.9898
0.013684,0.0044211,0.1233,15.759
0.020386,0.0065922,0.75616,6.631
0.015818,0.0013884,0.47635,12.158
0.013783,0.0013253,0.6738,5.8352
0.0086194,0.0018359,0.39609,2.2179
0.010137,0.00051054,0.34452,7.4413
0.010499,0.0020095,1.6652,0.00471
0.015557,0.0035686,0.31585,0.92424
0.009635,0.00053488,0.57411,0.00471
0.0067383,0.0010127,0.52601,0.96902
0.012107,0.00021451,1.3114,5.4023
0.013011,0.0050684,1.0804,1.1408
0.0059711,0.00066295,3.5171,0.00471
0.0089521,0.0038083,0.33766,0.71866
0.030126,0.0061885,0.23634,1.7032
0.0089799,0.0033652,0.35282,3.5928
0.014243,0.0018745,0.34407,1.8369
0.0035003,0.0023767,1.5838,0.00471
0.0081667,0.0011866,0.46273,3.0822
0.031838,0.0045014,0.68613,5.9973
0.0094859,0.0020422,1.0366,0.45685
0.013212,0.0027275,0.12695,3.8444
0.011131,0.0058512,0.39656,3.4454
0.020462,0.0037198,0.63513,4.4285
0.0082713,0.0020412,1.2539,10.053
0.0091314,0.002173,0.51698,0.004832
0.011343,0.0010102,0.49365,3.0335
0.012157,0.0015607,0.46703,3.4006
0.0054565,0.00089345,0.95849,0.00471
0.014078,0.0017553,1.3716,20.851
0.0087494,0.001613,1.0032,0.0047116
0.010744,0.0025975,0.39122,4.259
0.0047087,0.0014011,0.19595,12.802
0.0058068,0.00071999,0.41045,2.2481
0.0096977,0.0010601,0.39204,0.67573
0.0049153,4.16E-05,0.58245,1.8245
0.011676,0.0045132,0.52484,1.1351
0.0060496,0.00050738,0.58375,2.7996
0.015173,0.0063968,1.367,3.525
0.0092372,0.00085561,1.8937,2.4935
0.01284,0.003535,0.26675,3.067
0.0079612,0.0059912,0.84643,0.50358
0.016643,0.0024933,0.40941,0.71831
0.013963,0.0032136,0.30304,3.9455
0.006254,0.001876,0.56408,2.7386
0.016536,0.006165,0.69169,5.0952
0.0094428,0.00037318,1.2805,3.8764
0.011703,0.0070939,0.65111,0.69575
0.0043985,0.0014111,0.89947,0.0047101
0.0070357,0.0010619,0.47117,2.7923
0.0080622,0.0019495,0.7779,7.4346
0.016655,0.0019697,0.26519,6.7023
0.0076047,0.0024194,0.88164,0.00471
0.013324,0.00038491,1.5523,2.2087
0.01077,0.0012908,0.67184,0.99419
0.0065763,0.0023081,0.60597,0.0047128
0.0020903,3.87E-06,0.31956,9.2663
0.01221,0.00097976,0.46981,19.477
0.0070419,0.0024681,0.58309,2.6018
0.0075642,0.0024617,0.45111,4.488
0.010552,0.0039312,0.64979,7.24
0.012886,0.0023634,0.36089,1.5653
0.0084062,0.0055464,10.92,0.017251
0.025693,0.0037114,15.341,0.0047101
0.014016,0.0025633,0.59346,1.5558
0.013636,0.0037601,0.28423,0.464
0.011721,0.0071059,0.0094439,0.00471
0.02175,3.80E-06,1.8287,11.302
0.019556,0.0041158,1.0722,3.7535
0.016779,0.0043358,0.28606,1.0943
0.009613,0.00097527,1.0881,2.4163
0.01764,0.0013732,1.9746,24.886
0.011818,0.0014815,1.0669,0.96226
0.0052712,0.0013154,0.57672,2.8483
0,0,0,0
